id,first,second,last
78,0.0660924327,8422,3
61,,2738,9
72,0.1293063466,,10
100,-0.2420789913,,1
67,0.3155480867,281,10
