iter	Logloss
0	0.5793456353
1	0.5189559937
2	0.4730633545
3	0.4568917169
4	0.4275613742
5	0.4079792616
6	0.3929666816
7	0.3661832343
8	0.3443029785
9	0.3263052368
